<?xml version="1.0" encoding="utf-8" ?>
<dwsync>
<file name="connection.php" server="C:/xampp/htdocs/Custom-Keyboard/" local="133565227486025811" remote="133565227480000000" Dst="0" />
<file name="db_conn.php" server="C:/xampp/htdocs/Custom-Keyboard/" local="133564804950000000" remote="133564804950000000" Dst="0" />
<file name="Adminshop-page.php" server="C:/xampp/htdocs/Custom-Keyboard/" local="133565360911245406" remote="133565360910000000" Dst="0" />
<file name="Adminlogin-page.php" server="C:/xampp/htdocs/Custom-Keyboard/" local="133565442224210288" remote="133565442220000000" Dst="0" />
<file name="logout.php" server="C:/xampp/htdocs/Custom-Keyboard/" local="133563964400000000" remote="133563964400000000" Dst="0" />
<file name="productdelete.php" server="C:/xampp/htdocs/Custom-Keyboard/" local="133565299532462810" remote="133565299530000000" Dst="0" />
<file name="productadd.php" server="C:/xampp/htdocs/Custom-Keyboard/" local="133565339484490621" remote="133565339480000000" Dst="0" />
<file name="Connection.php" server="C:/xampp/htdocs/Custom-Keyboard/" local="133564805050000000" remote="133564805050000000" Dst="0" />
<file name="productupdate-form.php" server="C:/xampp/htdocs/Custom-Keyboard/" local="133565413415605169" remote="133565413410000000" Dst="0" />
<file name="productupdate.php" server="C:/xampp/htdocs/Custom-Keyboard/" local="133565411472863097" remote="133565411470000000" Dst="0" />
</dwsync>