<?xml version="1.0" encoding="utf-8" ?>
<dwsync>
<file name="login-page.php" server="C:/xampp/htdocs/Custom-Keyboard/" local="133564251616148876" remote="133564251610000000" Dst="0" />
<file name="index.php" server="C:/xampp/htdocs/Custom-Keyboard/" local="133565013904099073" remote="133565013900000000" Dst="0" />
<file name="signin-page.php" server="C:/xampp/htdocs/Custom-Keyboard/" local="133564601351889154" remote="133564601350000000" Dst="0" />
<file name="logout.php" server="C:/xampp/htdocs/Custom-Keyboard/" local="133563964404315167" remote="133563964400000000" Dst="0" />
<file name="db_conn.php" server="C:/xampp/htdocs/Custom-Keyboard/" local="133564804955819359" remote="133564804950000000" Dst="0" />
<file name="Connection.php" server="C:/xampp/htdocs/Custom-Keyboard/" local="133564805051763329" remote="133564805050000000" Dst="0" />
<file name="shop-page.php" server="C:/xampp/htdocs/Custom-Keyboard/" local="133565470625364366" remote="133565470620000000" Dst="0" />
<file name="ThankYou.php" server="C:/xampp/htdocs/Custom-Keyboard/" local="133565442223551340" remote="133565442220000000" Dst="0" />
<file name="OrderPage.php" server="C:/xampp/htdocs/Custom-Keyboard/" local="133566861416992154" remote="133566861410000000" Dst="0" />
</dwsync>